timestamp,container,cpu_percent,mem_mib
1791333529,opentelemetry-otel-collector-1,1.39,66.39
1791333529,opentelemetry-service-a-1,42.02,85.43
1791333529,opentelemetry-service-b-1,24.95,77.17
1791333531,opentelemetry-otel-collector-1,2.48,70.38
1791333531,opentelemetry-service-a-1,45.13,86.01
1791333531,opentelemetry-service-b-1,28.69,77.11
1791333533,opentelemetry-otel-collector-1,17.70,73.3
1791333533,opentelemetry-service-a-1,93.40,89.37
1791333533,opentelemetry-service-b-1,77.85,78.43
1791333535,opentelemetry-otel-collector-1,2.57,74.02
1791333535,opentelemetry-service-a-1,58.13,90.08
1791333535,opentelemetry-service-b-1,32.45,79.43
1791333537,opentelemetry-otel-collector-1,3.71,74.35
1791333537,opentelemetry-service-a-1,48.48,89.92
1791333537,opentelemetry-service-b-1,32.75,78.93
1791333539,opentelemetry-otel-collector-1,2.21,75
1791333539,opentelemetry-service-a-1,34.99,90.48
1791333539,opentelemetry-service-b-1,31.13,79.04
1791333541,opentelemetry-otel-collector-1,1.31,75.28
1791333541,opentelemetry-service-a-1,31.53,89.83
1791333541,opentelemetry-service-b-1,25.55,79.36
1791333543,opentelemetry-otel-collector-1,1.64,75.38
1791333543,opentelemetry-service-a-1,32.78,89.13
1791333543,opentelemetry-service-b-1,29.33,78.86
1791333546,opentelemetry-otel-collector-1,1.74,75.45
1791333546,opentelemetry-service-a-1,48.81,88.12
1791333546,opentelemetry-service-b-1,29.07,78.6
1791333547,opentelemetry-otel-collector-1,4.75,77.42
1791333547,opentelemetry-service-a-1,41.16,88.48
1791333547,opentelemetry-service-b-1,34.94,78.85
1791333549,opentelemetry-otel-collector-1,1.80,78.88
1791333549,opentelemetry-service-a-1,39.08,88.62
1791333549,opentelemetry-service-b-1,28.95,78.7
1791333551,opentelemetry-otel-collector-1,1.34,78.95
1791333551,opentelemetry-service-a-1,38.76,88.72
1791333551,opentelemetry-service-b-1,32.17,78.75
1791333553,opentelemetry-otel-collector-1,1.49,79.05
1791333553,opentelemetry-service-a-1,30.07,88.77
1791333553,opentelemetry-service-b-1,23.34,78.83
1791333556,opentelemetry-otel-collector-1,2.00,79.14
1791333556,opentelemetry-service-a-1,36.67,88.94
1791333556,opentelemetry-service-b-1,34.36,79.15
1791333558,opentelemetry-otel-collector-1,4.08,79.83
1791333558,opentelemetry-service-a-1,38.35,89.39
1791333558,opentelemetry-service-b-1,27.04,78.95
1791333560,opentelemetry-otel-collector-1,5.10,79.84
1791333560,opentelemetry-service-a-1,70.68,89.71
1791333560,opentelemetry-service-b-1,46.11,79.15
1791333562,opentelemetry-otel-collector-1,15.47,80.41
1791333562,opentelemetry-service-a-1,41.03,89.54
1791333562,opentelemetry-service-b-1,32.76,79.48
1791333564,opentelemetry-otel-collector-1,3.23,79.95
1791333564,opentelemetry-service-a-1,44.28,89.89
1791333564,opentelemetry-service-b-1,36.85,79.17
1791333566,opentelemetry-otel-collector-1,4.01,79.96
1791333566,opentelemetry-service-a-1,53.33,89.54
1791333566,opentelemetry-service-b-1,41.16,79.55
1791333568,opentelemetry-otel-collector-1,1.86,79.99
1791333568,opentelemetry-service-a-1,30.93,89.84
1791333568,opentelemetry-service-b-1,23.28,79.49
1791333570,opentelemetry-otel-collector-1,1.57,80.02
1791333570,opentelemetry-service-a-1,31.70,88.91
1791333570,opentelemetry-service-b-1,25.12,79.48
1791333572,opentelemetry-otel-collector-1,6.46,80.05
1791333572,opentelemetry-service-a-1,37.08,89.55
1791333572,opentelemetry-service-b-1,26.54,79.2
1791333574,opentelemetry-otel-collector-1,3.79,80.06
1791333574,opentelemetry-service-a-1,56.67,88.82
1791333574,opentelemetry-service-b-1,35.83,79.13
1791333576,opentelemetry-otel-collector-1,2.58,80.29
1791333576,opentelemetry-service-a-1,50.36,89.43
1791333576,opentelemetry-service-b-1,36.34,79.22
1791333578,opentelemetry-otel-collector-1,10.12,80.18
1791333578,opentelemetry-service-a-1,98.70,90.36
1791333578,opentelemetry-service-b-1,65.84,79.16
1791333580,opentelemetry-otel-collector-1,2.84,82.01
1791333580,opentelemetry-service-a-1,47.03,90.84
1791333580,opentelemetry-service-b-1,32.16,79.61
1791333582,opentelemetry-otel-collector-1,21.84,85
1791333582,opentelemetry-service-a-1,79.89,91.23
1791333582,opentelemetry-service-b-1,62.91,79.59
1791333584,opentelemetry-otel-collector-1,6.79,85.59
1791333584,opentelemetry-service-a-1,102.11,90.28
1791333584,opentelemetry-service-b-1,72.19,79.61
1791333586,opentelemetry-otel-collector-1,17.45,86.87
1791333586,opentelemetry-service-a-1,86.05,91.84
1791333586,opentelemetry-service-b-1,45.51,79.98
1791333588,opentelemetry-otel-collector-1,21.28,88.21
1791333588,opentelemetry-service-a-1,96.79,94.22
1791333588,opentelemetry-service-b-1,74.60,80.13
1791333590,opentelemetry-otel-collector-1,4.23,88.22
1791333590,opentelemetry-service-a-1,103.34,94.54
1791333590,opentelemetry-service-b-1,71.24,79.99
1791333592,opentelemetry-otel-collector-1,6.84,89.54
1791333592,opentelemetry-service-a-1,85.91,95.69
1791333592,opentelemetry-service-b-1,76.44,81.07
1791333594,opentelemetry-otel-collector-1,5.56,90.17
1791333594,opentelemetry-service-a-1,103.56,95.83
1791333594,opentelemetry-service-b-1,61.01,80.63
1791333596,opentelemetry-otel-collector-1,36.14,90.23
1791333596,opentelemetry-service-a-1,104.66,95.86
1791333596,opentelemetry-service-b-1,76.64,81.46
1791333598,opentelemetry-otel-collector-1,6.76,90.65
1791333598,opentelemetry-service-a-1,95.57,96.16
1791333598,opentelemetry-service-b-1,72.66,80.59
1791333600,opentelemetry-otel-collector-1,1.84,90.65
1791333600,opentelemetry-service-a-1,41.78,95.59
1791333600,opentelemetry-service-b-1,30.54,81.35
1791333602,opentelemetry-otel-collector-1,3.03,91.07
1791333602,opentelemetry-service-a-1,53.46,95.67
1791333602,opentelemetry-service-b-1,31.64,80.92
1791333604,opentelemetry-otel-collector-1,1.99,91.07
1791333604,opentelemetry-service-a-1,37.55,95.84
1791333604,opentelemetry-service-b-1,28.26,80.69
1791333606,opentelemetry-otel-collector-1,2.81,91.08
1791333606,opentelemetry-service-a-1,41.66,95.75
1791333606,opentelemetry-service-b-1,31.54,80.98
1791333608,opentelemetry-otel-collector-1,4.19,91.08
1791333608,opentelemetry-service-a-1,93.38,95.26
1791333608,opentelemetry-service-b-1,75.48,80.58
1791333610,opentelemetry-otel-collector-1,2.10,91.13
1791333610,opentelemetry-service-a-1,37.11,95.45
1791333610,opentelemetry-service-b-1,28.76,80.69
1791333613,opentelemetry-otel-collector-1,3.86,91.14
1791333613,opentelemetry-service-a-1,96.72,95.22
1791333613,opentelemetry-service-b-1,67.58,80.83
1791333615,opentelemetry-otel-collector-1,4.94,91.29
1791333615,opentelemetry-service-a-1,103.14,95.13
1791333615,opentelemetry-service-b-1,66.25,80.84
1791333617,opentelemetry-otel-collector-1,5.75,91.29
1791333617,opentelemetry-service-a-1,76.63,95.59
1791333617,opentelemetry-service-b-1,50.90,81.21
1791333619,opentelemetry-otel-collector-1,2.67,91.29
1791333619,opentelemetry-service-a-1,85.63,95.49
1791333619,opentelemetry-service-b-1,76.29,82.39
1791333621,opentelemetry-otel-collector-1,31.29,91.3
1791333621,opentelemetry-service-a-1,102.07,96.05
1791333621,opentelemetry-service-b-1,78.95,82.5
1791333623,opentelemetry-otel-collector-1,4.63,91.3
1791333623,opentelemetry-service-a-1,103.86,95.69
1791333623,opentelemetry-service-b-1,61.95,82.38
1791333625,opentelemetry-otel-collector-1,4.68,91.31
1791333625,opentelemetry-service-a-1,102.01,95.65
1791333625,opentelemetry-service-b-1,69.06,82.47
1791333627,opentelemetry-otel-collector-1,3.61,91.32
1791333627,opentelemetry-service-a-1,41.58,95.89
1791333627,opentelemetry-service-b-1,29.04,82.69
1791333629,opentelemetry-otel-collector-1,2.06,91.31
1791333629,opentelemetry-service-a-1,36.37,95.8
1791333629,opentelemetry-service-b-1,28.14,82.42
1791333631,opentelemetry-otel-collector-1,2.81,91.54
1791333631,opentelemetry-service-a-1,41.43,95.69
1791333631,opentelemetry-service-b-1,28.12,82.52
1791333633,opentelemetry-otel-collector-1,3.61,91.55
1791333633,opentelemetry-service-a-1,42.00,95.72
1791333633,opentelemetry-service-b-1,34.04,80.77
1791333635,opentelemetry-otel-collector-1,4.38,91.55
1791333635,opentelemetry-service-a-1,38.49,93.96
1791333635,opentelemetry-service-b-1,25.61,81.74
1791333637,opentelemetry-otel-collector-1,5.82,91.55
1791333637,opentelemetry-service-a-1,95.47,95.29
1791333637,opentelemetry-service-b-1,70.33,82.14
1791333639,opentelemetry-otel-collector-1,6.87,91.56
1791333639,opentelemetry-service-a-1,103.07,95.48
1791333639,opentelemetry-service-b-1,63.70,81.98
1791333641,opentelemetry-otel-collector-1,7.84,91.61
1791333641,opentelemetry-service-a-1,91.88,95.72
1791333641,opentelemetry-service-b-1,69.51,82.85
1791333643,opentelemetry-otel-collector-1,2.76,91.61
1791333643,opentelemetry-service-a-1,43.76,95.26
1791333643,opentelemetry-service-b-1,28.73,81.58
1791333645,opentelemetry-otel-collector-1,7.35,91.62
1791333645,opentelemetry-service-a-1,73.80,96.16
1791333645,opentelemetry-service-b-1,42.62,82.89
1791333647,opentelemetry-otel-collector-1,0.67,91.62
1791333647,opentelemetry-service-a-1,0.96,94.4
1791333647,opentelemetry-service-b-1,0.17,82.88
